"vln"|"muni"|"year"|"d_CCJ"|"d_EQU"|"d_FON"|"d_IMLD"|"d_PN0"|"d_CIN"|"d_FAM"|"d_FSR"|"d_IMLM"|"d_VP"|"d_CCE"|"d_CTI"|"d_FDC"|"d_GAU"|"d_PL"|"Freq"
"kill"|"SACAMA"|1998|0|0|0|0|0|1|0|0|0|0|0|0|0|0|0|5
"kill"|"TAMARA"|1998|1|0|0|0|0|0|0|0|0|0|0|0|0|0|0|1
"kill"|"RECETOR"|1998|1|0|0|0|0|0|0|0|0|0|0|0|0|0|0|1
"disp"|"RECETOR"|1998|0|0|1|0|0|0|0|0|0|0|0|0|0|0|0|1
"disp"|"RECETOR"|1998|0|0|1|0|0|0|0|1|0|0|0|0|0|1|0|1
"kill"|"YOPAL"|1998|1|0|0|0|0|1|0|0|0|0|0|0|0|0|0|1
"kill"|"YOPAL"|1998|0|0|0|0|0|0|0|0|0|0|1|0|0|0|0|1
"kill"|"YOPAL"|1998|0|0|1|0|0|0|0|0|0|0|0|0|0|1|0|1
"kill"|"YOPAL"|1998|0|0|1|0|0|0|0|0|1|0|0|0|0|1|0|1
"disp"|"YOPAL"|1998|0|0|0|0|0|0|0|0|0|0|0|0|1|0|0|15
"disp"|"YOPAL"|1998|0|0|1|0|0|0|0|1|0|0|0|0|0|1|0|1
"kill"|"TAURAMENA"|1998|0|0|0|0|0|1|0|0|0|0|0|0|0|0|0|1
"disp"|"TAURAMENA"|1998|0|0|1|0|0|0|0|1|0|0|0|0|0|0|0|2
"disp"|"TAURAMENA"|1998|0|0|1|0|0|0|0|1|0|0|0|0|1|1|0|1
"kill"|"AGUAZUL"|1998|0|0|0|0|0|1|0|0|0|0|0|0|0|0|0|1
"kill"|"AGUAZUL"|1998|1|0|0|0|0|1|0|0|0|0|0|0|1|0|0|1
"kill"|"AGUAZUL"|1998|0|0|1|0|0|0|0|0|0|0|0|0|0|1|0|3
"disp"|"AGUAZUL"|1998|0|0|1|0|0|0|0|0|0|0|0|0|0|0|0|4
"disp"|"AGUAZUL"|1998|0|0|0|0|0|0|0|0|0|0|0|0|1|0|0|2
"disp"|"AGUAZUL"|1998|0|0|1|0|0|0|0|0|0|0|0|0|1|0|0|3
"disp"|"AGUAZUL"|1998|1|0|0|0|0|0|1|0|0|0|0|0|1|0|0|1
"disp"|"AGUAZUL"|1998|0|0|1|0|0|0|0|1|0|0|0|0|0|1|0|1
"disp"|"AGUAZUL"|1998|0|0|1|0|0|1|0|1|0|0|0|0|0|1|0|1
"disp"|"AGUAZUL"|1998|0|0|1|0|0|0|0|0|0|0|0|0|1|1|0|1
"kill"|"MONTERREY"|1998|0|0|0|0|0|0|0|0|0|0|1|0|0|0|0|2
"disp"|"VILLANUEVA"|1998|0|0|1|0|0|0|0|0|0|0|0|0|0|0|0|1
"disp"|"VILLANUEVA"|1998|0|0|0|0|0|0|0|0|0|0|0|0|1|0|0|1
"kill"|"MANI"|1998|0|0|1|0|0|0|0|0|0|0|0|0|0|1|0|1
"disp"|"MANI"|1998|0|0|0|0|0|0|0|0|0|0|0|0|1|0|0|2
"kill"|"TRINIDAD"|1998|1|0|0|0|0|0|0|0|0|0|0|0|0|0|0|2
"kill"|"HATO COROZAL"|1998|1|0|0|0|0|0|0|0|0|0|0|0|0|0|0|5
"kill"|"HATO COROZAL"|1998|0|0|0|0|0|1|0|0|0|0|0|0|0|0|0|1
"disp"|"HATO COROZAL"|1998|0|0|1|0|0|0|0|1|0|0|0|0|0|1|0|1
"disp"|"HATO COROZAL"|1998|0|0|1|0|0|0|0|1|0|0|0|0|1|1|0|1
"kill"|"PORE"|1998|1|0|0|0|0|1|0|0|0|0|0|0|0|0|0|3
"kill"|"PORE"|1998|0|0|1|0|0|0|0|0|0|0|0|0|0|1|0|1
"disp"|"PORE"|1998|0|0|1|0|0|0|0|1|0|0|0|0|0|0|0|1
"kill"|"SACAMA"|1999|1|0|0|0|0|0|0|0|0|0|0|0|0|0|0|3
"kill"|"SACAMA"|1999|0|0|0|0|0|0|0|0|0|0|1|0|0|0|0|1
"kill"|"SACAMA"|1999|0|0|0|0|0|1|0|0|0|0|1|0|0|0|0|1
"disp"|"SACAMA"|1999|0|0|0|0|0|1|0|0|0|0|0|0|0|0|0|5
"disp"|"SACAMA"|1999|0|0|0|0|0|0|0|0|0|0|0|0|1|0|0|1
"disp"|"LA SALINA"|1999|0|0|0|0|0|0|0|0|0|0|0|0|1|0|0|1
"kill"|"RECETOR"|1999|1|0|0|0|0|0|0|0|0|0|0|0|0|0|0|1
"disp"|"RECETOR"|1999|0|0|0|1|0|0|0|0|0|0|0|0|1|0|0|1
"kill"|"YOPAL"|1999|0|0|1|0|0|0|0|0|0|0|0|0|0|1|0|2
"kill"|"YOPAL"|1999|0|0|1|0|0|0|0|0|1|0|0|0|0|1|0|1
"disp"|"YOPAL"|1999|0|0|0|0|0|0|0|0|0|0|0|0|1|0|0|21
"kill"|"CHAMEZA"|1999|0|0|0|0|0|1|0|0|0|0|0|0|0|0|0|1
"disp"|"NUNCHIA"|1999|0|0|0|0|0|0|0|0|0|0|0|0|1|0|0|1
"disp"|"TAURAMENA"|1999|0|0|1|0|0|0|0|1|0|0|0|0|0|0|0|1
"disp"|"TAURAMENA"|1999|0|0|0|0|0|0|0|0|0|0|0|0|1|0|0|2
"disp"|"TAURAMENA"|1999|0|0|0|1|0|0|0|0|0|0|0|0|1|0|0|2
"disp"|"TAURAMENA"|1999|0|0|1|0|0|0|0|1|0|0|0|0|1|0|0|2
"disp"|"TAURAMENA"|1999|0|0|1|0|0|0|0|1|0|0|0|0|1|1|0|1
"kill"|"AGUAZUL"|1999|0|0|0|0|0|1|0|0|0|0|0|0|0|0|0|2
"kill"|"AGUAZUL"|1999|1|0|1|0|0|1|0|0|0|0|0|0|0|1|0|1
"disp"|"AGUAZUL"|1999|0|0|1|0|0|0|0|0|0|0|0|0|0|0|0|1
"disp"|"AGUAZUL"|1999|0|0|1|0|0|0|0|1|0|0|0|0|0|0|0|1
"disp"|"AGUAZUL"|1999|0|0|1|0|0|0|0|0|0|0|0|0|1|0|0|1
"disp"|"AGUAZUL"|1999|0|0|1|0|0|0|0|1|0|0|0|0|1|0|0|1
"disp"|"AGUAZUL"|1999|0|0|1|1|0|0|0|0|0|0|0|0|1|1|0|1
"disp"|"AGUAZUL"|1999|0|0|1|0|0|0|0|1|0|0|0|0|1|1|0|1
"disp"|"MONTERREY"|1999|0|0|0|0|0|0|0|0|0|0|0|0|1|0|0|5
"kill"|"VILLANUEVA"|1999|0|0|1|0|0|0|0|1|1|0|0|0|1|1|0|1
"disp"|"VILLANUEVA"|1999|0|0|0|0|0|0|0|0|0|0|0|0|1|0|0|2
"disp"|"VILLANUEVA"|1999|0|0|0|0|0|0|0|0|0|0|0|0|1|0|1|1
"disp"|"MANI"|1999|0|0|1|0|0|0|0|0|0|0|0|0|0|0|0|1
"disp"|"MANI"|1999|0|0|0|0|0|0|0|0|0|0|0|0|1|0|0|1
"disp"|"MANI"|1999|0|0|0|1|0|0|0|0|0|0|0|0|1|0|0|2
"disp"|"TRINIDAD"|1999|0|0|1|0|0|0|0|1|0|0|0|0|1|1|0|1
"kill"|"HATO COROZAL"|1999|0|0|0|0|0|1|0|0|0|0|0|0|0|0|0|2
"disp"|"HATO COROZAL"|1999|0|0|1|0|0|0|0|1|0|0|0|0|0|0|0|1
"kill"|"PAZ DE ARIPORO"|1999|0|0|0|0|0|1|0|0|0|0|0|0|0|0|0|1
"disp"|"PAZ DE ARIPORO"|1999|0|0|1|0|0|0|0|1|0|0|0|0|1|0|0|1
"kill"|"PORE"|1999|1|0|0|0|0|0|0|0|0|0|0|0|0|0|0|1
"disp"|"PORE"|1999|0|0|1|0|0|0|0|1|0|0|0|0|0|0|0|1
"disp"|"PORE"|1999|0|0|1|0|0|0|0|0|0|0|0|0|1|0|0|1
"disp"|"LA SALINA"|2000|0|0|0|0|0|0|0|0|0|0|0|0|1|0|0|1
"kill"|"TAMARA"|2000|1|0|0|0|0|0|0|0|1|0|0|0|0|0|0|1
"disp"|"RECETOR"|2000|0|0|1|0|0|0|0|0|0|0|0|0|0|0|0|1
"disp"|"RECETOR"|2000|0|0|0|0|0|0|0|0|0|0|0|0|1|0|0|1
"kill"|"YOPAL"|2000|1|0|0|0|0|0|0|0|0|0|0|0|0|0|0|1
"kill"|"YOPAL"|2000|0|0|0|0|0|1|0|0|0|0|0|0|0|0|0|1
"kill"|"YOPAL"|2000|1|0|0|0|0|1|0|0|0|0|0|0|0|0|0|1
"kill"|"YOPAL"|2000|0|0|0|0|0|0|0|0|1|0|0|0|0|0|0|171
"kill"|"YOPAL"|2000|1|0|0|0|0|0|0|0|1|0|0|0|0|0|0|2
"kill"|"YOPAL"|2000|0|0|1|0|0|0|0|0|1|0|0|0|0|0|0|1
"kill"|"YOPAL"|2000|1|0|0|0|0|1|0|0|1|0|0|0|0|0|0|4
"kill"|"YOPAL"|2000|0|0|0|0|0|0|0|0|0|1|0|0|0|0|0|2
"kill"|"YOPAL"|2000|0|0|0|0|0|0|0|0|1|0|0|0|1|0|0|1
"disp"|"YOPAL"|2000|0|0|1|0|0|0|0|0|0|0|0|0|0|0|0|5
"disp"|"YOPAL"|2000|0|0|0|0|0|0|0|0|0|0|0|0|1|0|0|27
"disp"|"YOPAL"|2000|0|0|0|0|0|1|0|0|0|0|0|0|1|0|0|1
"disp"|"YOPAL"|2000|0|0|1|0|0|0|0|1|0|0|0|0|1|0|0|1
"disp"|"YOPAL"|2000|0|0|1|0|0|0|0|0|0|0|0|0|0|1|0|6
"disp"|"YOPAL"|2000|0|0|1|0|0|0|0|1|0|0|0|0|0|1|0|1
"disp"|"YOPAL"|2000|0|0|1|0|0|0|0|0|0|0|0|0|1|1|0|1
"disp"|"YOPAL"|2000|0|0|1|0|0|1|0|0|0|0|0|0|1|0|1|1
"kill"|"CHAMEZA"|2000|0|0|0|0|0|1|0|0|0|0|0|0|0|0|0|5
"kill"|"CHAMEZA"|2000|0|0|0|0|0|1|0|0|0|0|0|0|1|0|0|1
"disp"|"CHAMEZA"|2000|1|0|1|0|0|0|0|0|0|0|0|0|0|0|0|1
"disp"|"NUNCHIA"|2000|0|0|0|1|0|0|0|0|0|0|0|0|1|0|0|1
"disp"|"TAURAMENA"|2000|0|0|1|0|0|0|0|1|0|0|0|0|0|0|0|5
"disp"|"TAURAMENA"|2000|0|0|0|0|0|0|0|0|0|0|0|0|1|0|0|2
"disp"|"TAURAMENA"|2000|0|0|1|0|0|0|0|1|0|0|0|0|0|1|0|2
"kill"|"AGUAZUL"|2000|1|0|0|0|0|0|0|0|0|0|0|0|0|0|0|2
"kill"|"AGUAZUL"|2000|0|0|0|0|0|1|0|0|0|0|0|0|0|0|0|5
"kill"|"AGUAZUL"|2000|0|0|1|0|0|0|0|0|1|0|0|0|0|0|0|2
"kill"|"AGUAZUL"|2000|0|0|0|0|0|0|0|0|0|1|0|0|0|0|0|1
"kill"|"AGUAZUL"|2000|0|0|1|0|0|0|0|0|0|0|0|0|0|1|0|1
"disp"|"AGUAZUL"|2000|0|0|1|0|0|0|0|0|0|0|0|0|0|0|0|11
"disp"|"AGUAZUL"|2000|0|0|0|0|0|1|0|0|0|0|0|0|0|0|0|1
"disp"|"AGUAZUL"|2000|0|0|1|0|0|0|0|1|0|0|0|0|0|0|0|4
"disp"|"AGUAZUL"|2000|0|0|0|0|0|0|0|0|0|0|0|0|1|0|0|3
"disp"|"AGUAZUL"|2000|0|0|1|0|0|0|0|0|0|0|0|0|1|0|0|1
"disp"|"AGUAZUL"|2000|0|0|0|1|0|0|0|0|0|0|0|0|1|0|0|1
"disp"|"AGUAZUL"|2000|0|0|0|0|0|0|0|1|0|0|0|0|1|0|0|1
"disp"|"AGUAZUL"|2000|0|0|1|0|0|0|0|1|0|0|0|0|1|0|0|1
"disp"|"AGUAZUL"|2000|0|0|1|0|0|0|0|0|0|0|0|0|0|1|0|1
"disp"|"AGUAZUL"|2000|0|0|1|0|0|0|0|0|0|0|0|0|1|1|0|1
"disp"|"AGUAZUL"|2000|0|0|0|0|0|0|0|1|0|0|0|0|1|1|0|1
"kill"|"MONTERREY"|2000|1|0|0|0|0|0|0|0|0|0|0|0|0|0|0|5
"kill"|"MONTERREY"|2000|0|0|0|0|0|1|0|0|0|0|0|0|0|0|0|4
"kill"|"MONTERREY"|2000|1|0|0|0|0|1|0|0|0|0|0|0|0|0|0|1
"disp"|"MONTERREY"|2000|0|0|1|0|0|0|0|0|0|0|0|0|0|0|0|2
"disp"|"MONTERREY"|2000|0|0|1|0|0|0|0|1|0|0|0|0|0|0|0|3
"disp"|"MONTERREY"|2000|0|0|0|0|0|0|0|0|0|0|0|0|1|0|0|5
"disp"|"VILLANUEVA"|2000|0|0|0|0|0|0|0|0|0|0|0|0|1|0|0|1
"disp"|"VILLANUEVA"|2000|0|0|0|1|0|0|0|0|0|0|0|0|1|0|0|3
"disp"|"VILLANUEVA"|2000|0|0|0|1|0|0|0|1|0|0|0|0|1|0|0|1
"disp"|"VILLANUEVA"|2000|0|1|1|1|0|1|0|1|0|0|0|0|1|1|0|1
"kill"|"MANI"|2000|0|0|0|0|0|0|0|0|1|0|0|0|0|0|0|13
"kill"|"MANI"|2000|0|0|1|0|0|0|0|0|1|0|0|0|0|0|0|1
"disp"|"MANI"|2000|0|0|0|1|0|0|0|0|0|0|0|0|1|0|0|2
"disp"|"MANI"|2000|0|0|0|1|0|1|1|0|0|0|0|0|1|0|0|1
"disp"|"MANI"|2000|0|0|1|0|0|0|0|0|0|0|0|0|1|1|0|1
"kill"|"TRINIDAD"|2000|1|0|0|0|0|0|0|0|1|1|0|0|0|0|0|2
"disp"|"TRINIDAD"|2000|0|0|1|0|0|0|0|0|0|0|0|0|0|0|0|1
"disp"|"TRINIDAD"|2000|0|0|1|0|0|0|0|1|0|0|0|0|0|0|0|1
"kill"|"HATO COROZAL"|2000|1|0|0|0|0|0|0|0|1|0|0|0|0|0|0|1
"kill"|"PAZ DE ARIPORO"|2000|1|0|0|0|0|1|1|0|0|0|0|0|0|0|0|1
"kill"|"PAZ DE ARIPORO"|2000|1|0|1|0|0|0|0|0|1|0|0|0|0|1|0|1
"kill"|"PORE"|2000|0|0|0|0|0|0|0|0|1|0|0|0|0|0|0|13
"disp"|"PORE"|2000|0|0|0|0|0|0|0|0|0|0|0|0|1|0|0|1
"disp"|"SAN LUIS DE PALENQUE"|2000|0|0|1|0|0|0|0|0|0|0|0|0|0|0|0|1
"disp"|"OROCUE"|2000|0|0|1|0|0|0|0|1|0|0|0|0|0|0|0|1
"disp"|"SACAMA"|2001|0|0|0|0|0|0|0|0|0|0|0|0|1|0|0|1
"disp"|"TAMARA"|2001|0|0|0|0|0|0|0|0|0|0|0|0|1|0|0|1
"kill"|"YOPAL"|2001|1|0|0|0|0|0|0|0|0|0|0|0|0|0|0|2
"kill"|"YOPAL"|2001|0|0|0|0|0|0|0|0|1|0|0|0|0|0|0|225
"kill"|"YOPAL"|2001|1|0|0|0|0|0|0|0|1|0|0|0|0|0|0|4
"kill"|"YOPAL"|2001|1|0|0|0|0|1|0|0|1|0|0|0|0|0|0|1
"kill"|"YOPAL"|2001|0|0|0|0|0|0|0|0|1|0|0|0|1|0|0|1
"disp"|"YOPAL"|2001|0|0|1|0|0|0|0|0|0|0|0|0|0|0|0|18
"disp"|"YOPAL"|2001|0|0|0|0|0|0|0|0|0|0|0|0|1|0|0|17
"disp"|"YOPAL"|2001|0|0|0|1|0|0|0|0|0|0|0|0|1|0|0|1
"disp"|"YOPAL"|2001|0|0|0|0|0|1|1|0|0|0|0|0|1|0|0|1
"disp"|"YOPAL"|2001|0|0|1|0|0|0|0|1|0|0|0|0|1|0|0|2
"disp"|"YOPAL"|2001|0|0|1|0|0|0|0|0|0|0|0|0|0|1|0|6
"disp"|"YOPAL"|2001|1|1|1|1|0|1|0|1|0|0|0|0|1|1|1|1
"kill"|"CHAMEZA"|2001|0|0|0|0|0|1|0|0|0|0|0|0|0|0|0|3
"disp"|"CHAMEZA"|2001|0|0|0|0|0|1|0|0|0|0|0|0|0|0|0|1
"disp"|"CHAMEZA"|2001|0|0|1|0|0|1|0|1|0|0|0|0|0|0|0|1
"disp"|"NUNCHIA"|2001|1|0|1|0|0|0|0|1|0|0|0|0|0|0|0|3
"disp"|"NUNCHIA"|2001|0|0|1|0|0|0|0|1|0|0|0|0|0|1|0|1
"kill"|"TAURAMENA"|2001|1|0|0|0|0|0|0|0|1|0|0|0|0|0|0|1
"disp"|"TAURAMENA"|2001|0|0|1|0|0|0|0|0|0|0|0|0|0|0|0|1
"disp"|"TAURAMENA"|2001|1|0|0|0|0|1|0|0|0|0|0|0|0|0|0|2
"disp"|"TAURAMENA"|2001|0|0|1|0|0|0|0|1|0|0|0|0|0|0|0|2
"disp"|"TAURAMENA"|2001|0|0|0|0|0|0|0|0|0|0|0|0|1|0|0|7
"disp"|"TAURAMENA"|2001|0|0|0|1|0|0|0|0|0|0|0|0|1|0|0|2
"disp"|"TAURAMENA"|2001|0|0|0|0|0|0|1|0|0|0|0|0|1|0|0|1
"disp"|"TAURAMENA"|2001|0|0|1|0|0|0|0|1|0|0|0|0|1|0|0|4
"disp"|"TAURAMENA"|2001|0|0|1|0|0|0|0|1|0|0|0|0|0|1|0|3
"disp"|"TAURAMENA"|2001|1|0|1|0|0|0|0|1|0|0|0|0|0|1|0|2
"disp"|"TAURAMENA"|2001|1|0|1|0|0|1|0|1|0|0|0|0|0|1|0|8
"disp"|"TAURAMENA"|2001|0|0|1|0|0|0|0|1|0|0|0|0|1|1|0|1
"kill"|"AGUAZUL"|2001|0|0|0|0|0|1|0|0|1|0|0|0|0|0|0|1
"kill"|"AGUAZUL"|2001|0|0|0|0|0|0|0|0|0|1|0|0|0|0|0|1
"kill"|"AGUAZUL"|2001|0|0|1|0|0|0|0|0|0|0|0|0|0|1|0|1
"disp"|"AGUAZUL"|2001|0|0|1|0|0|0|0|0|0|0|0|0|0|0|0|1
"disp"|"AGUAZUL"|2001|0|0|0|0|0|1|0|0|0|0|0|0|0|0|0|2
"disp"|"AGUAZUL"|2001|0|0|1|0|0|0|0|1|0|0|0|0|0|0|0|8
"disp"|"AGUAZUL"|2001|0|0|0|0|0|0|0|0|0|0|0|0|1|0|0|5
"disp"|"AGUAZUL"|2001|0|0|0|1|0|0|0|0|0|0|0|0|1|0|0|8
"disp"|"AGUAZUL"|2001|0|0|0|1|0|1|0|0|0|0|0|0|1|0|0|1
"disp"|"AGUAZUL"|2001|0|0|1|0|0|0|0|1|0|0|0|0|1|0|0|3
"disp"|"AGUAZUL"|2001|0|0|1|1|0|0|0|1|0|0|0|0|1|0|0|2
"disp"|"AGUAZUL"|2001|0|0|1|0|0|0|0|1|0|0|0|0|1|1|0|2
"disp"|"MONTERREY"|2001|0|0|1|0|0|0|0|0|0|0|0|0|0|0|0|2
"disp"|"MONTERREY"|2001|0|0|1|0|0|0|0|1|0|0|0|0|0|0|0|1
"disp"|"MONTERREY"|2001|0|0|0|0|0|0|0|0|0|0|0|0|1|0|0|6
"disp"|"MONTERREY"|2001|0|0|0|1|0|0|0|0|0|0|0|0|1|0|0|2
"disp"|"MONTERREY"|2001|1|1|0|0|0|0|1|0|0|0|0|0|1|0|0|2
"kill"|"VILLANUEVA"|2001|1|0|0|0|0|0|0|0|0|1|0|0|0|0|0|1
"disp"|"VILLANUEVA"|2001|0|0|1|0|0|0|0|1|0|0|0|0|0|0|0|4
"disp"|"VILLANUEVA"|2001|0|0|0|0|0|0|0|0|0|0|0|0|1|0|0|2
"disp"|"VILLANUEVA"|2001|1|0|0|0|0|0|0|0|0|0|0|0|1|0|0|1
"disp"|"VILLANUEVA"|2001|0|0|0|1|0|0|0|0|0|0|0|0|1|0|0|2
"disp"|"VILLANUEVA"|2001|0|0|1|1|0|0|0|1|0|0|0|0|1|0|0|1
"disp"|"VILLANUEVA"|2001|0|0|1|0|0|0|0|1|0|0|0|0|0|1|0|9
"disp"|"VILLANUEVA"|2001|1|0|1|0|0|0|0|1|0|0|0|0|0|1|0|3
"disp"|"VILLANUEVA"|2001|1|0|1|0|0|0|0|1|0|0|0|0|1|1|0|1
"kill"|"MANI"|2001|0|0|0|0|0|0|0|0|1|0|0|0|0|0|0|11
"disp"|"MANI"|2001|0|0|1|0|0|0|0|1|0|0|0|0|0|0|0|4
"disp"|"MANI"|2001|0|0|0|0|0|0|0|0|0|0|0|0|1|0|0|3
"disp"|"MANI"|2001|0|0|0|1|0|0|0|0|0|0|0|0|1|0|0|3
"disp"|"MANI"|2001|0|0|1|0|0|0|0|1|0|0|0|0|0|1|0|3
"disp"|"TRINIDAD"|2001|0|0|1|0|0|0|0|0|0|0|0|0|0|0|0|1
"disp"|"TRINIDAD"|2001|0|0|1|0|0|0|0|1|0|0|0|0|0|0|0|2
"disp"|"TRINIDAD"|2001|0|0|0|0|0|0|0|0|0|0|0|0|1|0|0|2
"disp"|"SABANALARGA"|2001|0|0|1|0|0|0|0|1|0|0|0|0|0|0|0|2
"disp"|"SABANALARGA"|2001|0|0|0|0|0|0|0|0|0|0|0|0|1|0|0|1
"disp"|"SABANALARGA"|2001|0|0|1|0|0|0|0|0|0|0|0|0|1|0|0|1
"disp"|"SABANALARGA"|2001|0|0|0|1|0|0|0|0|0|0|0|0|1|0|0|1
"kill"|"HATO COROZAL"|2001|1|0|0|0|0|0|0|0|0|0|0|0|0|0|0|1
"kill"|"HATO COROZAL"|2001|1|0|0|0|0|1|0|0|0|0|0|0|0|0|0|3
"kill"|"HATO COROZAL"|2001|1|0|0|0|0|0|0|0|1|0|0|0|0|0|0|4
"disp"|"PAZ DE ARIPORO"|2001|0|0|0|0|0|0|0|0|0|0|0|0|1|0|0|1
"disp"|"PAZ DE ARIPORO"|2001|0|0|1|0|0|0|0|1|0|0|0|0|0|1|0|1
"kill"|"PORE"|2001|1|0|1|0|0|1|0|0|0|0|0|0|0|0|0|1
"kill"|"PORE"|2001|0|0|0|0|0|0|0|0|1|0|0|0|0|0|0|14
"disp"|"PORE"|2001|0|0|1|0|0|0|0|1|0|0|0|0|0|1|0|2
"kill"|"OROCUE"|2001|1|0|0|0|0|1|0|0|0|0|0|0|0|0|0|3
"disp"|"OROCUE"|2001|1|0|1|0|0|1|0|0|0|0|0|0|1|0|0|1
"disp"|"SACAMA"|2002|0|0|1|0|0|0|0|0|0|0|0|0|0|0|0|1
"kill"|"TAMARA"|2002|0|0|1|0|0|0|0|0|1|0|0|0|0|0|0|1
"kill"|"YOPAL"|2002|0|0|0|0|0|0|0|0|1|0|0|0|0|0|0|211
"kill"|"YOPAL"|2002|1|0|0|0|0|0|0|0|1|0|0|0|0|0|0|8
"kill"|"YOPAL"|2002|0|0|0|0|0|0|0|0|1|0|0|0|1|0|0|1
"disp"|"YOPAL"|2002|0|0|1|0|0|0|0|0|0|0|0|0|0|0|0|6
"disp"|"YOPAL"|2002|0|0|0|0|0|0|0|0|0|0|0|0|1|0|0|35
"disp"|"YOPAL"|2002|0|0|1|0|0|0|0|0|0|0|0|0|1|0|0|1
"disp"|"YOPAL"|2002|0|0|0|1|0|0|0|0|0|0|0|0|1|0|0|1
"disp"|"YOPAL"|2002|0|0|1|0|0|0|0|0|0|0|0|0|0|1|0|3
"disp"|"YOPAL"|2002|0|0|1|0|0|0|0|1|0|0|0|0|0|1|0|1
"kill"|"CHAMEZA"|2002|0|0|0|0|0|1|0|0|0|0|0|0|0|0|0|1
"kill"|"CHAMEZA"|2002|0|0|0|0|1|1|0|0|0|0|0|0|0|0|0|1
"kill"|"CHAMEZA"|2002|1|0|0|0|0|0|0|0|1|0|0|0|0|0|0|1
"kill"|"CHAMEZA"|2002|0|0|0|0|0|1|0|0|1|0|0|0|0|0|0|1
"disp"|"CHAMEZA"|2002|0|0|1|0|0|0|0|0|0|0|0|0|0|0|0|1
"disp"|"CHAMEZA"|2002|1|0|1|0|0|0|0|0|0|0|0|0|0|0|0|9
"disp"|"CHAMEZA"|2002|0|0|0|0|0|1|0|0|0|0|0|0|0|0|0|3
"disp"|"CHAMEZA"|2002|0|0|0|0|0|0|0|0|0|0|0|0|1|0|0|2
"disp"|"CHAMEZA"|2002|0|0|0|1|0|0|0|0|0|0|0|0|1|0|0|1
"disp"|"CHAMEZA"|2002|0|0|0|0|0|1|0|0|0|0|0|0|1|0|0|1
"disp"|"CHAMEZA"|2002|0|1|0|0|0|1|1|0|0|0|0|0|1|0|0|1
"disp"|"CHAMEZA"|2002|0|0|0|1|0|1|1|0|0|0|0|0|1|0|0|1
"disp"|"CHAMEZA"|2002|0|1|0|1|0|1|1|0|0|0|0|0|1|0|0|1
"disp"|"NUNCHIA"|2002|0|0|1|0|0|0|0|0|0|0|0|0|0|0|0|4
"disp"|"NUNCHIA"|2002|1|0|1|0|0|0|0|0|0|0|0|0|0|0|0|2
"disp"|"NUNCHIA"|2002|0|0|1|0|0|0|0|0|0|0|0|0|0|1|0|2
"disp"|"TAURAMENA"|2002|0|0|0|1|0|0|0|0|0|0|0|0|0|0|0|1
"disp"|"TAURAMENA"|2002|0|0|0|0|0|1|0|0|0|0|0|0|0|0|0|1
"disp"|"TAURAMENA"|2002|0|0|0|0|0|0|1|0|0|0|0|0|0|0|0|1
"disp"|"TAURAMENA"|2002|0|0|0|0|0|0|0|0|0|0|0|0|1|0|0|15
"disp"|"TAURAMENA"|2002|0|0|0|1|0|0|0|0|0|0|0|0|1|0|0|6
"disp"|"TAURAMENA"|2002|0|0|1|0|0|0|0|1|0|0|0|0|1|0|0|1
"disp"|"TAURAMENA"|2002|0|0|1|1|0|0|0|1|0|0|0|0|1|0|0|2
"disp"|"TAURAMENA"|2002|1|0|1|0|0|0|0|0|0|0|0|0|1|1|0|2
"kill"|"AGUAZUL"|2002|1|0|0|0|0|0|0|0|0|0|0|0|0|0|0|3
"kill"|"AGUAZUL"|2002|0|0|0|0|0|1|0|0|0|0|0|0|0|0|0|3
"kill"|"AGUAZUL"|2002|1|0|1|0|0|0|0|0|1|0|0|0|0|0|0|1
"kill"|"AGUAZUL"|2002|1|0|1|0|0|1|0|0|0|0|0|0|0|1|0|1
"disp"|"AGUAZUL"|2002|0|0|1|0|0|0|0|0|0|0|0|0|0|0|0|2
"disp"|"AGUAZUL"|2002|0|0|1|0|0|0|0|1|0|0|0|0|0|0|0|1
"disp"|"AGUAZUL"|2002|0|0|0|0|0|0|0|0|0|0|0|0|1|0|0|13
"disp"|"AGUAZUL"|2002|0|0|0|1|0|0|0|0|0|0|0|0|1|0|0|5
"disp"|"AGUAZUL"|2002|0|0|0|0|0|1|0|0|0|0|0|0|1|0|0|5
"disp"|"AGUAZUL"|2002|0|0|0|1|0|1|0|0|0|0|0|0|1|0|0|3
"disp"|"AGUAZUL"|2002|0|0|0|1|0|1|1|0|0|0|0|0|1|0|0|3
"disp"|"AGUAZUL"|2002|0|0|1|0|0|1|0|1|0|0|0|0|1|0|0|3
"disp"|"AGUAZUL"|2002|0|0|1|0|0|0|0|1|0|0|0|0|1|1|0|1
"kill"|"MONTERREY"|2002|0|0|0|0|0|1|0|0|0|0|0|0|0|0|0|1
"disp"|"MONTERREY"|2002|0|0|1|0|0|0|0|0|0|0|0|0|0|0|0|1
"disp"|"MONTERREY"|2002|0|0|0|1|0|0|0|0|0|0|0|0|0|0|0|2
"disp"|"MONTERREY"|2002|0|0|0|0|0|1|0|0|0|0|0|0|0|0|0|1
"disp"|"MONTERREY"|2002|0|0|0|0|0|0|0|0|0|0|0|0|1|0|0|15
"disp"|"MONTERREY"|2002|0|0|0|1|0|0|0|0|0|0|0|0|1|0|0|4
"disp"|"MONTERREY"|2002|0|1|0|0|0|0|1|0|0|0|0|0|1|0|0|1
"disp"|"VILLANUEVA"|2002|0|0|0|0|0|0|0|0|0|0|0|0|1|0|0|10
"disp"|"VILLANUEVA"|2002|0|0|0|1|0|0|0|0|0|0|0|0|1|0|0|4
"kill"|"MANI"|2002|0|0|0|0|0|0|0|0|1|0|0|0|0|0|0|8
"kill"|"MANI"|2002|0|0|1|0|0|0|0|0|1|0|0|0|0|1|0|1
"disp"|"MANI"|2002|0|0|0|1|0|0|0|0|0|0|0|0|1|0|0|1
"kill"|"TRINIDAD"|2002|0|0|1|0|0|0|0|1|1|0|0|0|0|0|0|1
"disp"|"SABANALARGA"|2002|0|0|0|0|0|0|0|0|0|0|0|0|1|0|0|2
"kill"|"PAZ DE ARIPORO"|2002|1|0|0|0|0|0|0|0|0|0|0|0|0|0|0|5
"kill"|"PAZ DE ARIPORO"|2002|0|0|0|0|0|1|0|0|0|0|0|0|0|0|0|1
"kill"|"PAZ DE ARIPORO"|2002|1|0|0|0|0|0|0|0|1|0|0|0|0|0|0|14
"disp"|"PAZ DE ARIPORO"|2002|0|0|0|0|0|1|0|0|0|0|0|0|0|0|0|1
"kill"|"PORE"|2002|0|0|0|0|0|0|0|0|1|0|0|0|0|0|0|20
"disp"|"PORE"|2002|0|0|0|0|0|0|0|0|0|0|0|0|1|0|0|1
"kill"|"SACAMA"|2003|0|0|0|0|1|0|0|0|1|0|0|0|0|0|0|2
"disp"|"SACAMA"|2003|1|0|0|0|0|1|0|0|0|0|0|0|0|0|0|5
"kill"|"TAMARA"|2003|0|0|0|0|1|0|0|0|0|0|0|0|0|0|0|2
"kill"|"TAMARA"|2003|0|0|0|0|1|0|0|0|1|0|0|0|0|0|0|1
"disp"|"TAMARA"|2003|0|0|0|0|0|0|0|0|0|0|0|0|1|0|0|1
"kill"|"RECETOR"|2003|0|0|0|0|1|0|0|0|0|0|0|0|0|0|0|1
"kill"|"RECETOR"|2003|0|0|0|1|0|1|0|0|0|0|0|0|1|0|0|1
"kill"|"RECETOR"|2003|1|0|0|1|0|1|1|0|0|0|0|0|1|0|0|1
"kill"|"RECETOR"|2003|1|0|0|0|0|0|1|0|1|0|0|0|1|0|0|1
"disp"|"RECETOR"|2003|0|0|0|1|0|0|0|0|0|0|0|0|0|0|0|1
"disp"|"RECETOR"|2003|0|0|0|0|0|1|0|0|0|0|0|0|0|0|0|8
"disp"|"RECETOR"|2003|0|0|0|0|0|1|1|0|0|0|0|0|0|0|0|1
"disp"|"RECETOR"|2003|0|0|0|1|0|0|0|0|0|0|0|0|1|0|0|1
"disp"|"RECETOR"|2003|0|0|0|1|0|1|0|0|0|0|0|0|1|0|0|3
"disp"|"RECETOR"|2003|0|0|0|0|0|0|1|0|0|0|0|0|1|0|0|1
"disp"|"RECETOR"|2003|0|0|0|1|0|0|1|0|0|0|0|0|1|0|0|1
"disp"|"RECETOR"|2003|0|0|0|1|0|1|1|0|0|0|0|0|1|0|0|12
"disp"|"RECETOR"|2003|1|0|0|1|0|1|1|0|0|0|0|0|1|0|0|1
"disp"|"RECETOR"|2003|0|1|0|1|0|1|1|0|0|0|0|0|1|0|0|4
"disp"|"RECETOR"|2003|1|0|1|1|0|1|1|0|0|0|0|0|1|0|0|1
"disp"|"RECETOR"|2003|1|0|1|1|0|1|1|1|0|0|0|1|1|0|0|1
"disp"|"RECETOR"|2003|1|1|1|1|0|1|1|1|0|0|0|1|1|0|1|1
"kill"|"YOPAL"|2003|0|0|0|0|1|0|0|0|0|0|0|0|0|0|0|17
"kill"|"YOPAL"|2003|0|0|0|0|0|0|0|0|1|0|0|0|0|0|0|166
"kill"|"YOPAL"|2003|0|0|0|0|1|0|0|0|1|0|0|0|0|0|0|117
"disp"|"YOPAL"|2003|0|0|0|1|0|0|0|0|0|0|0|0|0|0|0|2
"disp"|"YOPAL"|2003|0|0|0|0|0|1|0|0|0|0|0|0|0|0|0|1
"disp"|"YOPAL"|2003|0|0|0|0|0|0|0|0|0|0|0|0|1|0|0|19
"disp"|"YOPAL"|2003|1|0|0|0|0|0|0|0|0|0|0|0|1|0|0|1
"disp"|"YOPAL"|2003|0|0|0|1|0|0|0|0|0|0|0|0|1|0|0|2
"disp"|"YOPAL"|2003|0|0|1|0|0|0|0|0|0|0|0|1|0|1|0|4
"kill"|"CHAMEZA"|2003|1|0|0|0|0|0|0|0|0|0|0|0|0|0|0|3
"kill"|"CHAMEZA"|2003|1|0|0|0|0|0|0|0|1|0|0|0|0|0|0|1
"kill"|"CHAMEZA"|2003|0|0|0|0|1|0|0|0|1|0|0|0|0|0|0|6
"kill"|"CHAMEZA"|2003|1|0|0|0|1|0|0|0|1|0|0|0|0|0|0|1
"kill"|"CHAMEZA"|2003|0|0|0|0|0|1|0|0|1|0|0|0|0|0|0|1
"kill"|"CHAMEZA"|2003|1|0|0|0|1|1|0|0|1|0|0|0|0|0|0|1
"kill"|"CHAMEZA"|2003|0|0|0|1|0|1|1|0|0|0|0|0|1|0|0|1
"disp"|"CHAMEZA"|2003|0|0|0|0|0|1|0|0|0|0|0|0|0|0|0|3
"disp"|"CHAMEZA"|2003|0|0|0|0|0|0|0|0|0|0|0|0|1|0|0|1
"disp"|"CHAMEZA"|2003|0|0|0|0|0|0|1|0|0|0|0|0|1|0|0|1
"disp"|"CHAMEZA"|2003|0|0|0|1|0|0|1|0|0|0|0|0|1|0|0|1
"disp"|"CHAMEZA"|2003|0|0|0|1|0|1|1|0|0|0|0|0|1|0|0|7
"kill"|"NUNCHIA"|2003|0|0|0|0|1|0|0|0|0|0|0|0|0|0|0|4
"kill"|"NUNCHIA"|2003|0|0|0|0|1|0|0|0|1|0|0|0|0|0|0|1
"disp"|"NUNCHIA"|2003|0|0|0|0|0|0|0|0|0|0|0|0|1|0|0|1
"kill"|"TAURAMENA"|2003|0|0|0|0|1|0|0|0|0|0|0|0|0|0|0|2
"kill"|"TAURAMENA"|2003|0|0|0|0|0|0|0|0|1|0|0|0|0|0|0|1
"kill"|"TAURAMENA"|2003|0|1|0|0|0|1|0|0|0|0|0|0|1|0|0|1
"disp"|"TAURAMENA"|2003|0|0|0|0|0|1|0|0|0|0|0|0|0|0|0|1
"disp"|"TAURAMENA"|2003|0|0|0|0|0|0|0|0|0|0|0|0|1|0|0|4
"disp"|"TAURAMENA"|2003|0|0|0|0|0|0|0|0|0|0|0|1|0|1|0|1
"disp"|"TAURAMENA"|2003|0|0|0|1|0|0|0|0|0|0|0|0|1|0|1|1
"kill"|"AGUAZUL"|2003|0|0|0|0|1|0|0|0|0|0|0|0|0|0|0|30
"kill"|"AGUAZUL"|2003|0|0|0|0|0|1|0|0|0|0|0|0|0|0|0|1
"kill"|"AGUAZUL"|2003|0|0|0|0|1|1|0|0|0|0|0|0|0|0|0|3
"kill"|"AGUAZUL"|2003|0|0|0|0|1|0|0|0|1|0|0|0|0|0|0|2
"disp"|"AGUAZUL"|2003|0|0|0|0|0|1|0|0|0|0|0|0|0|0|0|2
"disp"|"AGUAZUL"|2003|0|0|0|0|0|0|0|0|0|0|0|0|1|0|0|8
"disp"|"AGUAZUL"|2003|0|0|0|1|0|0|0|0|0|0|0|0|1|0|0|1
"disp"|"AGUAZUL"|2003|0|0|1|0|0|1|0|1|0|0|0|1|1|0|0|1
"kill"|"MONTERREY"|2003|0|0|0|0|1|0|0|0|0|0|0|0|0|0|0|3
"kill"|"MONTERREY"|2003|0|0|0|0|1|0|0|0|1|0|0|0|0|0|0|2
"disp"|"MONTERREY"|2003|0|0|0|0|0|1|0|0|0|0|0|0|0|0|0|1
"disp"|"MONTERREY"|2003|0|1|0|0|0|1|0|0|0|0|0|0|0|0|0|1
"disp"|"MONTERREY"|2003|0|0|0|0|0|0|0|0|0|0|0|0|1|0|0|8
"disp"|"MONTERREY"|2003|0|0|0|1|0|0|0|0|0|0|0|0|1|0|0|2
"disp"|"MONTERREY"|2003|0|1|0|0|0|1|0|0|0|0|0|0|1|0|0|3
"kill"|"VILLANUEVA"|2003|0|0|0|0|1|0|0|0|0|0|0|0|0|0|0|14
"kill"|"VILLANUEVA"|2003|1|0|0|0|1|0|0|0|0|0|0|0|0|0|0|1
"kill"|"VILLANUEVA"|2003|0|0|0|0|1|0|0|0|1|0|0|0|0|0|0|2
"kill"|"VILLANUEVA"|2003|1|0|0|0|1|0|0|0|0|1|0|0|0|0|0|1
"kill"|"VILLANUEVA"|2003|0|0|0|0|1|0|0|0|0|0|0|0|1|0|0|1
"disp"|"VILLANUEVA"|2003|0|0|0|0|0|1|0|0|0|0|0|0|0|0|0|1
"disp"|"VILLANUEVA"|2003|0|1|0|0|0|1|0|0|0|0|0|0|0|0|0|2
"disp"|"VILLANUEVA"|2003|0|0|0|0|0|0|0|0|0|0|0|0|1|0|0|9
"disp"|"VILLANUEVA"|2003|1|0|0|0|0|0|0|0|0|0|0|0|1|0|0|1
"disp"|"VILLANUEVA"|2003|0|0|0|1|0|0|0|0|0|0|0|0|1|0|0|3
"disp"|"VILLANUEVA"|2003|0|0|1|0|0|0|0|1|0|0|0|1|1|0|0|2
"disp"|"VILLANUEVA"|2003|0|1|0|1|0|0|0|0|0|0|0|0|1|0|1|1
"disp"|"VILLANUEVA"|2003|0|1|1|0|0|0|0|1|0|0|0|1|1|0|1|1
"disp"|"VILLANUEVA"|2003|0|1|1|1|0|0|0|1|0|0|0|1|1|0|1|1
"kill"|"MANI"|2003|0|0|0|0|0|0|0|0|1|0|0|0|0|0|0|9
"kill"|"MANI"|2003|0|0|0|0|1|0|0|0|1|0|0|0|0|0|0|4
"disp"|"MANI"|2003|0|0|0|0|0|0|0|0|0|0|0|0|1|0|0|1
"disp"|"MANI"|2003|0|0|1|0|0|0|0|0|0|0|0|1|1|0|0|2
"kill"|"TRINIDAD"|2003|0|0|0|0|1|0|0|0|0|0|0|0|0|0|0|5
"disp"|"TRINIDAD"|2003|0|0|0|0|0|0|0|0|0|0|0|0|1|0|0|1
"kill"|"HATO COROZAL"|2003|0|0|0|0|1|0|0|0|0|0|0|0|0|0|0|8
"kill"|"HATO COROZAL"|2003|0|0|0|0|1|0|0|0|1|0|0|0|0|0|0|1
"kill"|"PAZ DE ARIPORO"|2003|1|0|0|0|0|0|0|0|0|0|0|0|0|0|0|1
"kill"|"PAZ DE ARIPORO"|2003|0|0|0|0|1|0|0|0|0|0|0|0|0|0|0|7
"kill"|"PAZ DE ARIPORO"|2003|0|0|0|0|1|0|0|0|1|0|0|0|0|0|0|15
"kill"|"PAZ DE ARIPORO"|2003|1|0|0|0|1|0|0|0|1|0|0|0|0|0|0|1
"kill"|"PAZ DE ARIPORO"|2003|0|0|0|0|0|1|0|0|1|0|0|0|0|0|0|1
"disp"|"PAZ DE ARIPORO"|2003|0|0|1|0|0|0|0|0|0|0|0|1|0|0|0|1
"disp"|"PAZ DE ARIPORO"|2003|0|0|0|0|0|0|0|0|0|0|0|0|1|0|0|1
"disp"|"PAZ DE ARIPORO"|2003|0|0|1|0|0|0|0|1|0|0|0|1|1|0|0|1
"kill"|"PORE"|2003|0|0|0|0|1|0|0|0|0|0|0|0|0|0|0|2
"kill"|"PORE"|2003|0|0|0|0|0|0|0|0|1|0|0|0|0|0|0|2
"kill"|"PORE"|2003|0|0|0|0|1|0|0|0|1|0|0|0|0|0|0|7
"kill"|"PORE"|2003|0|0|0|0|0|0|0|0|0|1|0|0|0|0|0|1
"kill"|"SAN LUIS DE PALENQUE"|2003|0|0|0|0|1|0|0|0|0|0|0|0|0|0|0|6
"kill"|"SAN LUIS DE PALENQUE"|2003|0|0|0|0|1|0|0|0|1|0|0|0|0|0|0|3
"disp"|"SAN LUIS DE PALENQUE"|2003|0|0|0|0|0|0|0|0|0|0|0|0|1|0|0|1
"kill"|"OROCUE"|2003|0|0|0|0|1|0|0|0|0|0|0|0|0|0|0|1
"disp"|"OROCUE"|2003|0|0|0|0|0|0|0|0|0|0|0|0|1|0|0|1
"kill"|"SACAMA"|2004|0|0|0|0|1|0|0|0|0|0|0|0|0|0|0|1
"kill"|"SACAMA"|2004|0|0|0|0|0|0|0|0|1|0|0|0|0|0|0|3
"kill"|"SACAMA"|2004|0|0|0|0|1|0|0|0|1|0|0|0|0|0|0|1
"kill"|"SACAMA"|2004|0|0|0|0|0|0|0|0|0|1|0|0|0|0|0|1
"kill"|"SACAMA"|2004|1|0|1|0|0|1|0|0|0|1|0|1|0|1|1|1
"kill"|"LA SALINA"|2004|0|0|0|0|0|0|0|0|1|0|0|0|0|0|0|3
"kill"|"LA SALINA"|2004|0|0|0|0|1|0|0|0|1|0|0|0|0|0|0|2
"kill"|"LA SALINA"|2004|0|0|0|0|0|0|0|0|0|1|0|0|0|0|0|3
"kill"|"LA SALINA"|2004|0|0|0|0|0|0|0|0|1|1|0|0|0|0|0|3
"kill"|"TAMARA"|2004|0|0|0|0|1|0|0|0|0|0|0|0|0|0|0|1
"kill"|"TAMARA"|2004|0|0|0|0|0|0|0|0|1|0|0|0|0|0|0|2
"kill"|"TAMARA"|2004|0|0|0|0|0|0|0|0|0|1|0|0|0|0|0|2
"kill"|"TAMARA"|2004|0|0|0|0|0|0|0|0|1|1|0|0|0|0|0|1
"kill"|"RECETOR"|2004|0|0|0|0|1|0|0|0|0|0|0|0|0|0|0|1
"kill"|"YOPAL"|2004|1|0|0|0|0|0|0|0|0|0|0|0|0|0|0|2
"kill"|"YOPAL"|2004|0|0|0|0|1|0|0|0|0|0|0|0|0|0|0|3
"kill"|"YOPAL"|2004|0|0|0|0|0|0|0|0|1|0|0|0|0|0|0|69
"kill"|"YOPAL"|2004|0|0|0|0|1|0|0|0|1|0|0|0|0|0|0|72
"kill"|"YOPAL"|2004|1|0|0|0|1|1|0|0|1|0|0|0|0|0|0|1
"kill"|"YOPAL"|2004|0|0|0|0|0|0|0|0|0|1|0|0|0|0|0|63
"kill"|"YOPAL"|2004|0|0|0|0|0|0|0|0|1|1|0|0|0|0|0|3
"kill"|"YOPAL"|2004|0|0|0|0|1|0|0|0|1|1|0|0|0|0|0|31
"kill"|"YOPAL"|2004|0|0|0|0|1|1|0|0|1|1|0|0|0|0|0|2
"kill"|"YOPAL"|2004|0|0|0|0|0|0|0|0|1|0|0|0|1|0|0|1
"kill"|"YOPAL"|2004|0|0|0|1|1|0|0|0|1|0|0|0|1|0|0|1
"kill"|"YOPAL"|2004|0|0|0|0|0|0|0|0|1|1|0|0|1|0|0|1
"disp"|"YOPAL"|2004|0|0|0|0|0|0|0|0|0|0|0|0|1|0|0|24
"disp"|"YOPAL"|2004|0|0|0|1|0|0|0|0|0|0|0|0|1|0|0|1
"disp"|"YOPAL"|2004|0|0|1|0|0|0|0|0|0|0|0|1|1|1|0|1
"kill"|"CHAMEZA"|2004|0|0|0|0|1|1|0|0|0|1|0|0|0|0|0|1
"kill"|"CHAMEZA"|2004|1|0|1|0|0|0|0|1|0|1|0|1|0|0|0|1
"kill"|"CHAMEZA"|2004|1|0|1|0|1|1|0|1|0|1|0|1|0|0|0|1
"disp"|"CHAMEZA"|2004|0|0|0|0|0|1|1|0|0|0|0|0|0|0|0|1
"kill"|"NUNCHIA"|2004|0|0|0|0|1|0|0|0|0|0|0|0|0|0|0|2
"kill"|"NUNCHIA"|2004|0|0|0|0|0|0|0|0|1|0|0|0|0|0|0|3
"kill"|"NUNCHIA"|2004|0|0|0|0|1|0|0|0|1|0|0|0|0|0|0|4
"kill"|"NUNCHIA"|2004|0|0|0|0|0|0|0|0|0|1|0|0|0|0|0|2
"kill"|"NUNCHIA"|2004|0|0|0|0|1|0|0|0|1|1|0|0|0|0|0|3
"kill"|"NUNCHIA"|2004|0|0|0|0|1|0|0|0|1|0|1|0|0|0|0|1
"disp"|"NUNCHIA"|2004|0|0|0|0|0|1|0|0|0|0|0|0|0|0|0|1
"kill"|"TAURAMENA"|2004|0|0|0|0|1|0|0|0|0|0|0|0|0|0|0|2
"kill"|"TAURAMENA"|2004|0|0|0|0|0|1|0|0|0|0|0|0|0|0|0|1
"kill"|"TAURAMENA"|2004|0|0|0|0|0|0|0|0|1|0|0|0|0|0|0|5
"kill"|"TAURAMENA"|2004|0|0|0|0|1|0|0|0|1|0|0|0|0|0|0|1
"kill"|"TAURAMENA"|2004|0|0|0|0|0|0|0|0|0|1|0|0|0|0|0|3
"kill"|"TAURAMENA"|2004|0|0|0|0|1|0|0|0|0|1|0|0|0|0|0|2
"kill"|"TAURAMENA"|2004|1|0|0|0|1|0|0|0|0|1|0|0|0|0|0|1
"kill"|"TAURAMENA"|2004|0|0|0|0|1|0|0|0|1|1|0|0|0|0|0|2
"disp"|"TAURAMENA"|2004|0|0|0|0|0|0|0|0|0|0|0|0|1|0|0|10
"disp"|"TAURAMENA"|2004|0|0|0|1|0|0|0|0|0|0|0|0|1|0|0|1
"kill"|"AGUAZUL"|2004|1|0|0|0|0|0|0|0|0|0|0|0|0|0|0|2
"kill"|"AGUAZUL"|2004|0|0|0|0|1|0|0|0|0|0|0|0|0|0|0|3
"kill"|"AGUAZUL"|2004|0|0|0|0|0|1|0|0|0|0|0|0|0|0|0|1
"kill"|"AGUAZUL"|2004|0|0|0|0|0|0|0|0|1|0|0|0|0|0|0|19
"kill"|"AGUAZUL"|2004|0|0|0|0|1|0|0|0|1|0|0|0|0|0|0|29
"kill"|"AGUAZUL"|2004|1|0|0|0|1|0|0|0|1|0|0|0|0|0|0|1
"kill"|"AGUAZUL"|2004|0|0|0|0|0|0|0|0|0|1|0|0|0|0|0|30
"kill"|"AGUAZUL"|2004|1|0|0|0|0|0|0|0|0|1|0|0|0|0|0|1
"kill"|"AGUAZUL"|2004|0|0|0|0|1|0|0|0|0|1|0|0|0|0|0|1
"kill"|"AGUAZUL"|2004|0|0|0|0|0|0|0|0|1|1|0|0|0|0|0|4
"kill"|"AGUAZUL"|2004|0|0|0|0|1|0|0|0|1|1|0|0|0|0|0|19
"kill"|"AGUAZUL"|2004|0|0|0|0|0|1|0|0|1|1|0|0|0|0|0|1
"kill"|"AGUAZUL"|2004|1|0|0|0|1|1|0|0|1|1|0|0|0|0|0|2
"kill"|"AGUAZUL"|2004|0|0|0|1|0|0|0|0|1|0|0|0|1|0|0|1
"kill"|"AGUAZUL"|2004|0|0|0|0|0|0|0|0|1|1|0|0|1|0|0|1
"kill"|"AGUAZUL"|2004|0|0|1|0|1|0|0|0|1|1|0|0|0|1|0|1
"disp"|"AGUAZUL"|2004|0|0|0|0|0|1|0|0|0|0|0|0|0|0|0|6
"disp"|"AGUAZUL"|2004|1|0|0|0|0|1|0|0|0|0|0|0|0|0|0|1
"disp"|"AGUAZUL"|2004|0|0|0|0|0|0|0|0|1|0|0|0|0|0|0|1
"disp"|"AGUAZUL"|2004|0|0|0|0|0|0|0|0|0|0|0|0|1|0|0|2
"disp"|"AGUAZUL"|2004|0|0|0|1|0|0|0|0|0|0|0|0|1|0|0|3
"disp"|"AGUAZUL"|2004|0|0|1|0|0|0|0|0|0|0|0|1|1|1|0|1
"disp"|"AGUAZUL"|2004|0|0|1|0|0|0|0|1|0|0|0|1|1|1|0|1
"kill"|"MONTERREY"|2004|0|0|0|0|1|0|0|0|0|0|0|0|0|0|0|2
"kill"|"MONTERREY"|2004|0|0|0|0|0|0|0|0|1|0|0|0|0|0|0|5
"kill"|"MONTERREY"|2004|0|0|0|0|1|0|0|0|1|0|0|0|0|0|0|5
"kill"|"MONTERREY"|2004|0|0|0|0|0|0|0|0|0|1|0|0|0|0|0|8
"kill"|"MONTERREY"|2004|0|0|0|0|1|0|0|0|1|1|0|0|0|0|0|3
"kill"|"MONTERREY"|2004|0|0|1|0|1|0|0|0|1|0|0|1|0|0|0|1
"disp"|"MONTERREY"|2004|0|0|1|0|0|0|0|0|0|0|0|1|0|0|0|1
"disp"|"MONTERREY"|2004|0|0|0|0|0|0|0|0|0|0|0|0|1|0|0|2
"disp"|"MONTERREY"|2004|0|0|0|1|0|0|0|0|0|0|0|0|1|0|0|2
"disp"|"MONTERREY"|2004|0|0|1|0|0|0|0|0|0|0|0|1|1|0|0|1
"disp"|"MONTERREY"|2004|0|0|1|0|0|0|0|1|0|0|0|1|1|0|0|1
"kill"|"VILLANUEVA"|2004|0|0|0|0|1|0|0|0|0|0|0|0|0|0|0|25
"kill"|"VILLANUEVA"|2004|0|0|0|0|0|0|0|0|1|0|0|0|0|0|0|18
"kill"|"VILLANUEVA"|2004|0|0|0|0|0|0|0|0|0|1|0|0|0|0|0|19
"kill"|"VILLANUEVA"|2004|0|0|0|0|1|0|0|0|0|1|0|0|0|0|0|15
"disp"|"VILLANUEVA"|2004|0|0|1|0|0|0|0|1|0|0|0|1|0|0|0|3
"disp"|"VILLANUEVA"|2004|0|0|0|0|0|0|0|0|0|0|0|0|1|0|0|2
"disp"|"VILLANUEVA"|2004|0|0|0|1|0|0|0|0|0|0|0|0|1|0|0|2
"kill"|"MANI"|2004|0|0|0|0|1|0|0|0|0|0|0|0|0|0|0|1
"kill"|"MANI"|2004|0|0|0|0|0|0|0|0|1|0|0|0|0|0|0|7
"kill"|"MANI"|2004|0|0|0|0|1|0|0|0|1|0|0|0|0|0|0|6
"kill"|"MANI"|2004|0|0|0|0|0|0|0|0|0|1|0|0|0|0|0|5
"kill"|"MANI"|2004|0|0|0|0|1|0|0|0|0|1|0|0|0|0|0|2
"kill"|"MANI"|2004|0|0|0|0|0|0|0|0|1|1|0|0|0|0|0|1
"kill"|"MANI"|2004|0|0|0|0|1|0|0|0|1|1|0|0|0|0|0|11
"kill"|"MANI"|2004|0|0|1|0|0|0|0|1|1|1|0|1|0|0|0|1
"disp"|"MANI"|2004|0|0|0|0|0|0|0|0|0|0|0|0|1|0|0|2
"disp"|"MANI"|2004|0|0|0|1|0|0|0|0|0|0|0|0|1|0|0|2
"disp"|"MANI"|2004|0|0|1|1|0|0|0|1|0|0|0|1|1|0|0|1
"kill"|"TRINIDAD"|2004|0|0|0|0|1|0|0|0|0|0|0|0|0|0|0|2
"kill"|"TRINIDAD"|2004|0|0|0|0|0|0|0|0|1|0|0|0|0|0|0|2
"kill"|"TRINIDAD"|2004|0|0|0|0|0|0|0|0|0|1|0|0|0|0|0|5
"kill"|"TRINIDAD"|2004|0|0|0|0|1|0|0|0|0|1|0|0|0|0|0|3
"kill"|"SABANALARGA"|2004|0|0|0|0|1|0|0|0|0|0|0|0|0|0|0|2
"kill"|"SABANALARGA"|2004|0|0|0|0|0|0|0|0|1|0|0|0|0|0|0|2
"kill"|"SABANALARGA"|2004|0|0|0|0|1|0|0|0|1|0|0|0|0|0|0|1
"kill"|"SABANALARGA"|2004|0|0|0|0|0|0|0|0|0|1|0|0|0|0|0|1
"kill"|"SABANALARGA"|2004|0|0|0|0|1|0|0|0|1|1|0|0|0|0|0|1
"disp"|"SABANALARGA"|2004|0|0|0|0|0|0|0|0|0|0|0|0|1|0|0|1
"kill"|"HATO COROZAL"|2004|0|0|0|0|1|0|0|0|0|0|0|0|0|0|0|2
"kill"|"HATO COROZAL"|2004|0|0|0|0|0|0|0|0|1|0|0|0|0|0|0|9
"kill"|"HATO COROZAL"|2004|0|0|0|0|1|0|0|0|0|1|0|0|0|0|0|1
"disp"|"HATO COROZAL"|2004|0|0|1|0|0|0|0|0|0|0|0|1|0|0|0|1
"kill"|"PAZ DE ARIPORO"|2004|0|0|0|0|1|0|0|0|0|0|0|0|0|0|0|6
"kill"|"PAZ DE ARIPORO"|2004|0|0|0|0|0|0|0|0|1|0|0|0|0|0|0|3
"kill"|"PAZ DE ARIPORO"|2004|0|0|0|0|1|0|0|0|1|0|0|0|0|0|0|9
"kill"|"PAZ DE ARIPORO"|2004|0|0|0|0|0|0|0|0|0|1|0|0|0|0|0|11
"kill"|"PAZ DE ARIPORO"|2004|0|0|0|0|1|0|0|0|0|1|0|0|0|0|0|1
"kill"|"PAZ DE ARIPORO"|2004|0|0|0|0|0|0|0|0|1|1|0|0|0|0|0|2
"kill"|"PAZ DE ARIPORO"|2004|0|0|0|0|1|0|0|0|1|1|0|0|0|0|0|6
"disp"|"PAZ DE ARIPORO"|2004|0|0|0|0|0|0|0|0|0|0|0|0|1|0|0|1
"disp"|"PAZ DE ARIPORO"|2004|0|0|1|0|0|0|0|1|0|0|0|1|1|0|0|1
"kill"|"PORE"|2004|0|0|0|0|1|0|0|0|0|0|0|0|0|0|0|4
"kill"|"PORE"|2004|0|0|0|0|0|0|0|0|1|0|0|0|0|0|0|6
"kill"|"PORE"|2004|0|0|0|0|1|0|0|0|1|0|0|0|0|0|0|8
"kill"|"PORE"|2004|0|0|0|0|0|0|0|0|0|1|0|0|0|0|0|2
"kill"|"PORE"|2004|0|0|0|0|1|0|0|0|1|1|0|0|0|0|0|2
"disp"|"PORE"|2004|0|0|0|0|0|0|0|0|0|0|0|0|1|0|0|1
"disp"|"PORE"|2004|0|0|0|0|0|1|0|0|0|0|0|0|1|0|0|1
"kill"|"SAN LUIS DE PALENQUE"|2004|0|0|0|0|1|0|0|0|0|0|0|0|0|0|0|2
"kill"|"SAN LUIS DE PALENQUE"|2004|0|0|0|0|1|0|0|0|1|0|0|0|0|0|0|1
"kill"|"SAN LUIS DE PALENQUE"|2004|0|0|0|0|0|0|0|0|0|1|0|0|0|0|0|1
"kill"|"OROCUE"|2004|1|0|0|0|0|0|0|0|0|0|0|0|0|0|0|1
"kill"|"OROCUE"|2004|0|0|0|0|1|0|0|0|0|0|0|0|0|0|0|1
"kill"|"OROCUE"|2004|0|0|0|0|0|0|0|0|1|0|0|0|0|0|0|1
"kill"|"OROCUE"|2004|0|0|0|0|1|0|0|0|1|0|0|0|0|0|0|6
"kill"|"OROCUE"|2004|0|0|0|0|0|0|0|0|0|1|0|0|0|0|0|4
"kill"|"OROCUE"|2004|0|0|0|0|1|0|0|0|0|1|0|0|0|0|0|1
"kill"|"OROCUE"|2004|0|0|0|0|1|0|0|0|1|1|0|0|0|0|0|2
"disp"|"OROCUE"|2004|0|0|0|1|0|0|0|0|0|0|0|0|1|0|0|1
"kill"|"SACAMA"|2005|0|0|0|0|1|0|0|0|0|0|0|0|0|0|0|1
"kill"|"SACAMA"|2005|0|0|0|0|0|0|0|0|1|0|0|0|0|0|0|3
"kill"|"SACAMA"|2005|0|0|0|0|0|0|0|0|0|0|1|0|0|0|0|1
"kill"|"LA SALINA"|2005|0|0|0|0|1|0|0|0|0|0|0|0|0|0|0|1
"kill"|"LA SALINA"|2005|0|0|0|0|0|0|0|0|1|0|0|0|0|0|0|2
"kill"|"LA SALINA"|2005|0|0|0|0|1|0|0|0|1|0|0|0|0|0|0|1
"kill"|"LA SALINA"|2005|0|0|0|0|1|0|0|0|1|1|0|0|0|0|0|1
"kill"|"TAMARA"|2005|0|0|0|0|1|0|0|0|0|0|0|0|0|0|0|1
"kill"|"TAMARA"|2005|0|0|0|0|0|0|0|0|1|0|0|0|0|0|0|2
"kill"|"TAMARA"|2005|0|0|0|0|1|0|0|0|1|0|0|0|0|0|0|1
"kill"|"TAMARA"|2005|0|0|0|1|0|0|0|0|0|0|1|0|1|0|0|1
"kill"|"RECETOR"|2005|0|0|0|0|1|0|0|0|0|1|0|0|0|0|0|1
"disp"|"RECETOR"|2005|0|0|0|0|0|0|0|0|0|0|0|0|1|0|0|1
"kill"|"YOPAL"|2005|0|0|0|0|1|0|0|0|0|0|0|0|0|0|0|2
"kill"|"YOPAL"|2005|0|0|0|0|0|0|0|0|1|0|0|0|0|0|0|31
"kill"|"YOPAL"|2005|0|0|0|0|1|0|0|0|1|0|0|0|0|0|0|25
"kill"|"YOPAL"|2005|1|0|0|0|1|1|0|0|1|0|0|0|0|0|0|1
"kill"|"YOPAL"|2005|0|0|0|0|0|0|0|0|0|1|0|0|0|0|0|22
"kill"|"YOPAL"|2005|1|0|0|0|0|1|0|0|0|1|0|0|0|0|0|1
"kill"|"YOPAL"|2005|0|0|0|0|0|0|0|0|1|1|0|0|0|0|0|2
"kill"|"YOPAL"|2005|0|0|0|0|1|0|0|0|1|1|0|0|0|0|0|10
"kill"|"YOPAL"|2005|0|0|0|0|0|0|0|0|0|0|1|0|0|0|0|1
"disp"|"YOPAL"|2005|0|0|0|1|0|0|0|0|0|0|0|0|0|0|0|2
"disp"|"YOPAL"|2005|0|0|0|0|0|1|0|0|0|0|0|0|0|0|0|1
"disp"|"YOPAL"|2005|1|0|0|0|0|1|0|0|0|0|0|0|0|0|0|1
"disp"|"YOPAL"|2005|0|0|0|0|0|0|0|0|1|0|0|0|0|0|0|1
"disp"|"YOPAL"|2005|0|0|0|0|0|0|0|0|0|0|0|0|1|0|0|19
"disp"|"YOPAL"|2005|0|0|0|1|0|0|0|0|0|0|0|0|1|0|0|1
"kill"|"NUNCHIA"|2005|0|0|0|0|0|0|0|0|1|0|0|0|0|0|0|3
"kill"|"NUNCHIA"|2005|0|0|0|0|1|0|0|0|1|0|0|0|0|0|0|3
"kill"|"TAURAMENA"|2005|0|0|0|0|1|0|0|0|0|0|0|0|0|0|0|3
"kill"|"TAURAMENA"|2005|0|0|0|0|1|0|0|0|1|0|0|0|0|0|0|5
"kill"|"TAURAMENA"|2005|0|0|0|0|0|0|0|0|0|1|0|0|0|0|0|2
"kill"|"TAURAMENA"|2005|0|0|0|0|1|0|0|0|0|1|0|0|0|0|0|6
"kill"|"TAURAMENA"|2005|0|0|0|0|0|0|0|0|0|0|1|0|0|0|0|1
"disp"|"TAURAMENA"|2005|0|0|0|0|0|0|0|0|0|0|0|0|1|0|0|6
"disp"|"TAURAMENA"|2005|0|0|0|1|0|0|0|0|0|0|0|0|1|0|0|1
"kill"|"AGUAZUL"|2005|0|0|0|0|1|0|0|0|0|0|0|0|0|0|0|2
"kill"|"AGUAZUL"|2005|0|0|0|0|0|1|0|0|0|0|0|0|0|0|0|1
"kill"|"AGUAZUL"|2005|0|0|0|0|0|0|0|0|1|0|0|0|0|0|0|12
"kill"|"AGUAZUL"|2005|0|0|0|0|1|0|0|0|1|0|0|0|0|0|0|17
"kill"|"AGUAZUL"|2005|0|0|0|0|1|1|0|0|1|0|0|0|0|0|0|1
"kill"|"AGUAZUL"|2005|0|0|0|0|0|0|0|0|0|1|0|0|0|0|0|23
"kill"|"AGUAZUL"|2005|0|0|0|0|1|0|0|0|1|1|0|0|0|0|0|13
"kill"|"AGUAZUL"|2005|1|0|0|0|0|1|0|0|1|0|1|0|0|0|0|1
"kill"|"AGUAZUL"|2005|1|0|0|0|0|1|0|0|0|0|1|0|1|0|0|1
"disp"|"AGUAZUL"|2005|0|0|0|0|0|0|0|0|1|0|0|0|0|0|0|2
"disp"|"AGUAZUL"|2005|0|0|0|0|0|0|0|0|0|0|0|0|1|0|0|2
"disp"|"AGUAZUL"|2005|0|0|1|0|0|0|0|0|0|0|0|1|1|1|0|1
"kill"|"MONTERREY"|2005|0|0|0|0|1|0|0|0|0|0|0|0|0|0|0|2
"kill"|"MONTERREY"|2005|0|0|0|0|0|0|0|0|1|0|0|0|0|0|0|3
"kill"|"MONTERREY"|2005|0|0|0|0|1|0|0|0|1|0|0|0|0|0|0|1
"kill"|"MONTERREY"|2005|0|0|0|0|0|0|0|0|0|1|0|0|0|0|0|10
"kill"|"MONTERREY"|2005|0|0|0|0|1|0|0|0|0|1|0|0|0|0|0|1
"kill"|"MONTERREY"|2005|0|0|0|0|1|0|0|0|1|1|0|0|0|0|0|3
"kill"|"MONTERREY"|2005|0|0|0|0|1|1|0|0|1|1|0|0|0|0|0|2
"kill"|"MONTERREY"|2005|0|0|0|0|0|0|0|0|0|0|1|0|0|0|0|9
"disp"|"MONTERREY"|2005|0|0|1|0|0|0|0|1|0|0|0|0|0|0|0|1
"disp"|"MONTERREY"|2005|0|0|0|0|0|0|0|0|0|0|0|0|1|0|0|3
"disp"|"MONTERREY"|2005|0|0|1|0|0|0|0|1|0|0|0|1|0|1|0|1
"kill"|"VILLANUEVA"|2005|0|0|0|0|1|0|0|0|0|0|0|0|0|0|0|5
"kill"|"VILLANUEVA"|2005|0|0|0|0|0|0|0|0|1|0|0|0|0|0|0|2
"kill"|"VILLANUEVA"|2005|0|0|0|0|1|0|0|0|1|0|0|0|0|0|0|1
"kill"|"VILLANUEVA"|2005|0|0|0|0|0|0|0|0|0|1|0|0|0|0|0|4
"kill"|"VILLANUEVA"|2005|0|0|0|0|1|0|0|0|0|1|0|0|0|0|0|3
"kill"|"VILLANUEVA"|2005|0|0|0|0|1|0|0|0|0|0|0|0|1|0|0|1
"disp"|"VILLANUEVA"|2005|0|0|0|0|0|0|0|0|0|0|0|0|1|0|0|1
"kill"|"MANI"|2005|0|0|0|0|0|1|0|0|0|0|0|0|0|0|0|1
"kill"|"MANI"|2005|0|0|0|0|0|0|0|0|1|0|0|0|0|0|0|7
"kill"|"MANI"|2005|0|0|0|0|1|0|0|0|1|0|0|0|0|0|0|3
"kill"|"MANI"|2005|0|0|0|0|0|0|0|0|0|1|0|0|0|0|0|5
"kill"|"MANI"|2005|0|0|0|0|1|0|0|0|0|1|0|0|0|0|0|2
"kill"|"MANI"|2005|0|0|0|0|1|0|0|0|1|1|0|0|0|0|0|1
"kill"|"MANI"|2005|1|0|0|0|1|0|0|0|1|1|0|0|0|0|0|1
"kill"|"MANI"|2005|1|0|0|0|1|1|0|0|1|1|0|0|0|0|0|3
"disp"|"MANI"|2005|0|0|0|1|0|0|0|0|0|0|0|0|0|0|0|1
"disp"|"MANI"|2005|0|0|0|1|0|0|0|0|0|0|0|0|1|0|0|1
"kill"|"TRINIDAD"|2005|0|0|0|0|1|0|0|0|0|0|0|0|0|0|0|2
"kill"|"TRINIDAD"|2005|0|0|0|0|0|0|0|0|1|0|0|0|0|0|0|1
"kill"|"TRINIDAD"|2005|0|0|0|0|0|0|0|0|0|1|0|0|0|0|0|3
"kill"|"TRINIDAD"|2005|0|0|0|0|1|0|0|0|0|1|0|0|0|0|0|1
"kill"|"TRINIDAD"|2005|0|0|0|0|0|0|0|0|0|1|1|0|0|0|0|1
"disp"|"TRINIDAD"|2005|0|0|0|0|0|0|0|0|0|0|0|0|1|0|0|1
"kill"|"SABANALARGA"|2005|0|0|0|0|0|0|0|0|1|0|0|0|0|0|0|1
"kill"|"SABANALARGA"|2005|0|0|0|0|0|0|0|0|0|1|0|0|0|0|0|1
"disp"|"SABANALARGA"|2005|0|0|1|0|0|0|0|0|0|0|0|1|1|1|0|1
"kill"|"HATO COROZAL"|2005|0|0|0|0|1|0|0|0|0|0|0|0|0|0|0|1
"kill"|"HATO COROZAL"|2005|0|0|0|0|0|0|0|0|1|0|0|0|0|0|0|2
"kill"|"HATO COROZAL"|2005|0|0|0|0|1|0|0|0|1|0|0|0|0|0|0|1
"kill"|"HATO COROZAL"|2005|0|0|0|0|1|0|0|0|1|1|0|0|0|0|0|1
"disp"|"HATO COROZAL"|2005|0|0|0|0|0|0|0|0|0|0|0|0|1|0|0|1
"kill"|"PAZ DE ARIPORO"|2005|0|0|0|0|1|0|0|0|0|0|0|0|0|0|0|1
"kill"|"PAZ DE ARIPORO"|2005|0|0|0|0|0|1|0|0|0|0|0|0|0|0|0|1
"kill"|"PAZ DE ARIPORO"|2005|0|0|0|0|0|0|0|0|1|0|0|0|0|0|0|7
"kill"|"PAZ DE ARIPORO"|2005|0|0|0|0|1|0|0|0|1|0|0|0|0|0|0|5
"kill"|"PAZ DE ARIPORO"|2005|0|0|0|0|0|0|0|0|0|1|0|0|0|0|0|1
"kill"|"PAZ DE ARIPORO"|2005|0|0|0|0|1|0|0|0|0|1|0|0|0|0|0|1
"kill"|"PAZ DE ARIPORO"|2005|0|0|0|0|1|0|0|0|1|1|0|0|0|0|0|7
"kill"|"PAZ DE ARIPORO"|2005|0|0|0|0|0|0|0|0|1|0|0|0|1|0|0|1
"kill"|"PORE"|2005|0|0|0|0|1|0|0|0|0|0|0|0|0|0|0|1
"kill"|"PORE"|2005|0|0|0|0|0|0|0|0|1|0|0|0|0|0|0|9
"kill"|"PORE"|2005|0|0|0|0|1|0|0|0|1|0|0|0|0|0|0|3
"kill"|"PORE"|2005|0|0|0|0|0|0|0|0|0|1|0|0|0|0|0|2
"disp"|"PORE"|2005|0|0|0|0|0|0|0|0|0|0|0|0|0|1|0|1
"kill"|"SAN LUIS DE PALENQUE"|2005|0|0|0|0|0|0|0|0|1|0|0|0|0|0|0|3
"kill"|"SAN LUIS DE PALENQUE"|2005|0|0|0|0|1|0|0|0|1|0|0|0|0|0|0|1
"kill"|"SAN LUIS DE PALENQUE"|2005|0|0|0|0|1|0|0|0|1|1|0|0|0|0|0|1
"kill"|"OROCUE"|2005|0|0|0|0|1|0|0|0|0|0|0|0|0|0|0|1
"kill"|"OROCUE"|2005|0|0|0|0|0|0|0|0|1|0|0|0|0|0|0|3
"kill"|"OROCUE"|2005|0|0|0|0|1|0|0|0|1|0|0|0|0|0|0|2
"kill"|"OROCUE"|2005|0|0|0|0|0|0|0|0|0|1|0|0|0|0|0|1
"kill"|"OROCUE"|2005|0|0|0|0|1|0|0|0|0|1|0|0|0|0|0|1
"kill"|"OROCUE"|2005|0|0|1|0|1|0|0|0|1|1|0|0|0|0|0|1
"disp"|"OROCUE"|2005|0|0|0|0|0|0|0|0|0|0|0|0|1|0|0|3
"kill"|"SACAMA"|2006|0|0|0|0|0|0|0|0|1|0|0|0|0|0|0|3
"kill"|"SACAMA"|2006|0|0|0|0|1|0|0|0|1|0|0|0|0|0|0|1
"disp"|"LA SALINA"|2006|0|0|0|1|0|0|0|0|0|0|0|0|1|0|0|1
"kill"|"TAMARA"|2006|1|0|0|0|0|0|0|0|0|0|0|0|0|0|0|1
"kill"|"TAMARA"|2006|0|0|0|0|1|0|0|0|0|0|0|0|0|0|0|3
"kill"|"TAMARA"|2006|0|0|0|0|0|0|0|0|1|0|0|0|0|0|0|3
"kill"|"TAMARA"|2006|0|0|0|0|1|0|0|0|1|0|0|0|0|0|0|3
"kill"|"TAMARA"|2006|0|0|0|0|0|0|0|0|0|0|1|0|0|0|0|1
"kill"|"TAMARA"|2006|0|0|0|0|1|0|0|0|1|0|1|0|0|0|0|1
"kill"|"YOPAL"|2006|0|0|0|0|1|0|0|0|0|0|0|0|0|0|0|1
"kill"|"YOPAL"|2006|0|0|0|0|0|0|0|0|1|0|0|0|0|0|0|25
"kill"|"YOPAL"|2006|0|0|0|0|1|0|0|0|1|0|0|0|0|0|0|12
"kill"|"YOPAL"|2006|0|0|0|1|1|0|0|0|1|0|0|0|0|0|0|1
"kill"|"YOPAL"|2006|0|0|0|0|0|0|0|0|0|1|0|0|0|0|0|3
"kill"|"YOPAL"|2006|0|0|0|0|1|0|0|0|0|1|0|0|0|0|0|1
"kill"|"YOPAL"|2006|0|0|0|0|0|0|0|0|1|1|0|0|0|0|0|1
"kill"|"YOPAL"|2006|0|0|0|0|1|0|0|0|1|1|0|0|0|0|0|2
"kill"|"YOPAL"|2006|0|0|0|0|0|0|0|0|0|0|1|0|0|0|0|1
"kill"|"YOPAL"|2006|0|0|0|0|0|0|0|0|1|0|1|0|0|0|0|3
"disp"|"YOPAL"|2006|0|0|0|0|0|0|0|0|0|0|0|0|1|0|0|1
"disp"|"YOPAL"|2006|0|0|0|1|0|0|0|0|0|0|0|0|1|0|0|2
"kill"|"NUNCHIA"|2006|0|0|0|0|1|0|0|0|0|0|0|0|0|0|0|1
"kill"|"NUNCHIA"|2006|0|0|0|0|0|0|0|0|1|0|0|0|0|0|0|2
"kill"|"NUNCHIA"|2006|0|0|0|0|1|0|0|0|1|0|0|0|0|0|0|2
"kill"|"TAURAMENA"|2006|0|0|0|0|1|0|0|0|0|0|0|0|0|0|0|5
"kill"|"TAURAMENA"|2006|0|0|0|0|0|0|0|0|0|1|0|0|0|0|0|3
"kill"|"TAURAMENA"|2006|0|0|0|0|1|0|0|0|0|1|0|0|0|0|0|2
"kill"|"TAURAMENA"|2006|0|0|0|0|0|0|0|0|0|0|1|0|0|0|0|1
"disp"|"TAURAMENA"|2006|0|0|0|0|0|0|0|0|0|0|0|0|1|0|0|1
"kill"|"AGUAZUL"|2006|1|0|0|0|0|0|0|0|0|0|0|0|0|0|0|1
"kill"|"AGUAZUL"|2006|0|0|0|0|1|0|0|0|0|0|0|0|0|0|0|1
"kill"|"AGUAZUL"|2006|1|0|0|0|0|1|0|0|0|0|0|0|0|0|0|1
"kill"|"AGUAZUL"|2006|0|0|0|0|0|0|0|0|1|0|0|0|0|0|0|11
"kill"|"AGUAZUL"|2006|0|0|0|0|1|0|0|0|1|0|0|0|0|0|0|3
"kill"|"AGUAZUL"|2006|0|0|0|0|0|0|0|0|0|0|1|0|0|0|0|1
"disp"|"AGUAZUL"|2006|0|0|0|0|0|1|0|0|0|0|0|0|0|0|0|1
"disp"|"AGUAZUL"|2006|1|0|0|0|0|1|0|0|0|0|0|0|0|0|0|2
"disp"|"AGUAZUL"|2006|0|0|0|0|0|0|0|0|0|0|0|0|1|0|0|1
"disp"|"AGUAZUL"|2006|0|0|0|1|0|0|0|0|0|0|0|0|1|0|0|1
"kill"|"MONTERREY"|2006|0|0|0|0|0|0|0|0|1|0|0|0|0|0|0|1
"kill"|"MONTERREY"|2006|0|0|0|0|0|0|0|0|0|0|1|0|0|0|0|1
"kill"|"MONTERREY"|2006|0|0|0|0|0|0|0|0|1|0|1|0|0|0|0|1
"kill"|"VILLANUEVA"|2006|0|0|0|0|1|0|0|0|0|0|0|0|0|0|0|3
"kill"|"VILLANUEVA"|2006|0|0|0|0|0|0|0|0|1|0|0|0|0|0|0|1
"kill"|"VILLANUEVA"|2006|0|0|0|0|1|0|0|0|1|0|0|0|0|0|0|1
"kill"|"VILLANUEVA"|2006|0|0|0|0|0|0|0|0|0|1|0|0|0|0|0|3
"kill"|"VILLANUEVA"|2006|0|0|0|0|0|0|0|0|0|0|1|0|0|0|0|1
"kill"|"MANI"|2006|0|0|0|0|1|0|0|0|0|0|0|0|0|0|0|3
"kill"|"MANI"|2006|0|0|0|0|0|0|0|0|1|0|0|0|0|0|0|1
"disp"|"MANI"|2006|0|0|0|1|0|0|0|0|0|0|0|0|1|0|0|1
"kill"|"TRINIDAD"|2006|0|0|0|0|1|0|0|0|0|0|0|0|0|0|0|2
"kill"|"TRINIDAD"|2006|0|0|0|0|0|0|0|0|1|0|0|0|0|0|0|3
"kill"|"TRINIDAD"|2006|0|0|0|0|0|0|0|0|0|1|0|0|0|0|0|4
"kill"|"SABANALARGA"|2006|0|0|0|0|1|0|0|0|0|0|0|0|0|0|0|1
"kill"|"SABANALARGA"|2006|0|0|0|0|0|0|0|0|0|1|0|0|0|0|0|2
"kill"|"HATO COROZAL"|2006|0|0|0|0|1|0|0|0|0|0|0|0|0|0|0|2
"kill"|"HATO COROZAL"|2006|0|0|0|0|0|1|0|0|0|0|0|0|0|0|0|1
"kill"|"HATO COROZAL"|2006|0|0|0|0|0|0|0|0|1|0|0|0|0|0|0|5
"kill"|"HATO COROZAL"|2006|0|0|0|0|1|0|0|0|1|0|0|0|0|0|0|1
"kill"|"PAZ DE ARIPORO"|2006|0|0|0|0|1|0|0|0|0|0|0|0|0|0|0|10
"kill"|"PAZ DE ARIPORO"|2006|0|0|0|0|0|0|0|0|1|0|0|0|0|0|0|4
"kill"|"PAZ DE ARIPORO"|2006|0|0|0|0|1|0|0|0|1|0|0|0|0|0|0|1
"kill"|"PAZ DE ARIPORO"|2006|0|0|0|0|0|0|0|0|0|1|0|0|0|0|0|2
"kill"|"PAZ DE ARIPORO"|2006|0|0|0|0|0|0|0|0|1|0|1|0|0|0|0|2
"disp"|"PAZ DE ARIPORO"|2006|0|0|0|0|0|0|0|0|0|0|0|0|1|0|0|1
"kill"|"PORE"|2006|0|0|0|0|1|0|0|0|0|0|0|0|0|0|0|3
"kill"|"PORE"|2006|0|0|0|0|0|0|0|0|1|0|0|0|0|0|0|2
"kill"|"PORE"|2006|0|0|0|0|1|0|0|0|1|0|0|0|0|0|0|1
"kill"|"PORE"|2006|0|0|0|0|0|0|0|0|1|0|1|0|0|0|0|1
"kill"|"PORE"|2006|0|0|0|0|1|0|0|0|1|0|1|0|0|0|0|1
"kill"|"SAN LUIS DE PALENQUE"|2006|0|0|0|0|0|0|0|0|1|0|0|0|0|0|0|1
"kill"|"SAN LUIS DE PALENQUE"|2006|0|0|0|0|1|0|0|0|0|1|0|0|0|0|0|1
"kill"|"OROCUE"|2006|0|0|0|0|1|0|0|0|0|0|0|0|0|0|0|1
"kill"|"OROCUE"|2006|0|0|0|0|0|0|0|0|1|0|0|0|0|0|0|2
"kill"|"OROCUE"|2006|0|0|0|0|1|0|0|0|1|0|0|0|0|0|0|1
"kill"|"OROCUE"|2006|0|0|0|0|0|0|0|0|0|1|0|0|0|0|0|2
"kill"|"OROCUE"|2006|0|0|0|0|0|0|0|0|1|0|0|0|1|0|0|1
"kill"|"SACAMA"|2007|1|0|0|0|0|1|0|0|1|0|1|0|0|0|0|1
"kill"|"LA SALINA"|2007|0|0|0|0|0|0|0|0|1|0|0|0|0|0|0|1
"kill"|"LA SALINA"|2007|0|0|0|0|0|0|0|0|1|0|1|0|0|0|0|1
"kill"|"TAMARA"|2007|0|0|0|0|0|1|0|0|0|0|0|0|0|0|0|1
"kill"|"TAMARA"|2007|0|0|0|0|0|0|0|0|1|0|0|0|0|0|0|2
"kill"|"YOPAL"|2007|0|0|0|0|0|1|0|0|0|0|0|0|0|0|0|1
"kill"|"YOPAL"|2007|0|0|0|0|0|0|0|0|1|0|0|0|0|0|0|22
"kill"|"YOPAL"|2007|0|0|0|0|0|0|0|0|0|1|0|0|0|0|0|10
"kill"|"YOPAL"|2007|0|0|0|0|0|0|0|0|1|1|0|0|0|0|0|2
"kill"|"YOPAL"|2007|0|0|0|0|0|0|0|0|0|0|1|0|0|0|0|1
"kill"|"YOPAL"|2007|0|0|0|0|0|1|0|0|0|0|1|0|0|0|0|1
"kill"|"YOPAL"|2007|1|0|0|0|0|1|0|0|0|0|1|0|0|0|0|2
"kill"|"YOPAL"|2007|0|0|0|0|0|0|0|0|1|0|1|0|0|0|0|1
"kill"|"YOPAL"|2007|0|0|0|0|0|1|0|0|1|0|1|0|0|0|0|1
"kill"|"YOPAL"|2007|0|0|0|0|0|0|0|0|1|1|0|0|1|0|0|1
"kill"|"CHAMEZA"|2007|0|0|0|0|0|0|0|0|0|1|0|0|0|0|0|1
"kill"|"NUNCHIA"|2007|0|0|0|0|0|0|0|0|1|0|0|0|0|0|0|4
"kill"|"NUNCHIA"|2007|0|0|0|0|0|0|0|0|0|0|1|0|0|0|0|1
"kill"|"TAURAMENA"|2007|1|0|0|0|0|1|0|0|0|0|0|0|0|0|0|2
"kill"|"TAURAMENA"|2007|0|0|0|0|0|0|0|0|0|0|1|0|0|0|0|1
"kill"|"AGUAZUL"|2007|0|0|0|0|0|1|0|0|0|0|0|0|0|0|0|1
"kill"|"AGUAZUL"|2007|1|0|0|0|0|1|0|0|0|0|0|0|0|0|0|4
"kill"|"AGUAZUL"|2007|0|0|0|0|0|0|0|0|1|0|0|0|0|0|0|2
"kill"|"AGUAZUL"|2007|0|0|0|0|0|0|0|0|0|1|0|0|0|0|0|7
"kill"|"AGUAZUL"|2007|0|0|0|0|0|1|0|0|0|1|0|0|0|0|0|2
"kill"|"AGUAZUL"|2007|0|0|0|0|0|0|0|0|1|1|0|0|0|0|0|1
"kill"|"AGUAZUL"|2007|0|0|0|0|0|0|0|0|0|0|1|0|0|0|0|1
"kill"|"AGUAZUL"|2007|1|0|0|0|0|1|0|0|0|0|1|0|0|0|0|5
"kill"|"AGUAZUL"|2007|1|0|0|0|0|0|0|0|1|0|1|0|0|0|0|1
"kill"|"AGUAZUL"|2007|0|0|0|0|0|1|0|0|1|0|1|0|0|0|0|2
"kill"|"AGUAZUL"|2007|1|0|0|0|0|1|0|0|1|0|1|0|0|0|0|3
"kill"|"AGUAZUL"|2007|1|0|0|0|0|1|0|0|1|1|1|0|0|0|0|1
"kill"|"AGUAZUL"|2007|1|0|0|0|0|1|0|0|0|0|1|0|1|0|0|1
"kill"|"MONTERREY"|2007|0|0|0|0|0|1|0|0|0|0|0|0|0|0|0|1
"kill"|"MONTERREY"|2007|0|0|0|0|0|0|0|0|1|0|0|0|0|0|0|1
"kill"|"MONTERREY"|2007|0|0|0|0|0|0|0|0|0|1|0|0|0|0|0|5
"kill"|"VILLANUEVA"|2007|0|0|0|0|0|0|0|0|0|1|0|0|0|0|0|2
"kill"|"VILLANUEVA"|2007|0|0|0|0|0|0|0|0|0|0|1|0|0|0|0|2
"kill"|"MANI"|2007|0|0|0|0|0|0|0|0|1|0|0|0|0|0|0|2
"disp"|"MANI"|2007|0|0|0|0|0|1|0|0|0|0|0|0|0|0|0|1
"kill"|"SABANALARGA"|2007|0|0|0|0|0|0|0|0|0|1|0|0|0|0|0|1
"kill"|"HATO COROZAL"|2007|1|0|0|0|0|0|0|0|0|0|0|0|0|0|0|4
"kill"|"HATO COROZAL"|2007|0|0|0|0|0|0|0|0|1|0|0|0|0|0|0|1
"kill"|"HATO COROZAL"|2007|0|0|0|0|0|0|0|0|0|0|1|0|0|0|0|1
"kill"|"HATO COROZAL"|2007|0|0|0|0|0|1|0|0|0|0|1|0|0|0|0|3
"kill"|"HATO COROZAL"|2007|1|0|0|0|0|1|0|0|0|0|1|0|0|0|0|3
"kill"|"PAZ DE ARIPORO"|2007|0|0|0|0|0|0|0|0|1|0|0|0|0|0|0|1
"kill"|"PAZ DE ARIPORO"|2007|0|0|0|0|0|0|0|0|0|0|1|0|0|0|0|1
"kill"|"PAZ DE ARIPORO"|2007|0|0|0|0|0|1|0|0|0|0|1|0|0|0|0|1
"kill"|"SAN LUIS DE PALENQUE"|2007|0|0|0|0|0|0|0|0|1|0|0|0|0|0|0|1
"kill"|"OROCUE"|2007|0|0|0|0|0|0|0|0|1|0|0|0|0|0|0|2
